word,documents
also,2006_Purdue_Boilermakers_football_team_41f1.html
players,2006_Purdue_Boilermakers_football_team_41f1.html
wikipedia,"2006_Purdue_Boilermakers_football_team_41f1.html, 2007-08_Georgetown_Hoyas_men's_basketball_team_a8f4.html"
another,2006_Purdue_Boilermakers_football_team_41f1.html
ncaa,"2006_Purdue_Boilermakers_football_team_41f1.html, 2007-08_Georgetown_Hoyas_men's_basketball_team_a8f4.html"
mcgowen,2006_Purdue_Boilermakers_football_team_41f1.html
powell,2006_Purdue_Boilermakers_football_team_41f1.html
took,2006_Purdue_Boilermakers_football_team_41f1.html
eugene,2006_Purdue_Boilermakers_football_team_41f1.html
tom,2006_Purdue_Boilermakers_football_team_41f1.html
chandler,2006_Purdue_Boilermakers_football_team_41f1.html
tight,2006_Purdue_Boilermakers_football_team_41f1.html
darrius,2006_Purdue_Boilermakers_football_team_41f1.html
held,2006_Purdue_Boilermakers_football_team_41f1.html
offensive,2006_Purdue_Boilermakers_football_team_41f1.html
kinnick,2006_Purdue_Boilermakers_football_team_41f1.html
poll,"2006_Purdue_Boilermakers_football_team_41f1.html, 2007-08_Georgetown_Hoyas_men's_basketball_team_a8f4.html"
second,2006_Purdue_Boilermakers_football_team_41f1.html
gymnasium,2007-08_Georgetown_Hoyas_men's_basketball_team_a8f4.html
ri,2007-08_Georgetown_Hoyas_men's_basketball_team_a8f4.html
camacho,2006_Purdue_Boilermakers_football_team_41f1.html
maryland,2006_Purdue_Boilermakers_football_team_41f1.html
much,2006_Purdue_Boilermakers_football_team_41f1.html
alabama,2007-08_Georgetown_Hoyas_men's_basketball_team_a8f4.html
sycamores,2006_Purdue_Boilermakers_football_team_41f1.html
greg,2006_Purdue_Boilermakers_football_team_41f1.html
week,2006_Purdue_Boilermakers_football_team_41f1.html
shotgun,2006_Purdue_Boilermakers_football_team_41f1.html
hawaii,2006_Purdue_Boilermakers_football_team_41f1.html
good,2006_Purdue_Boilermakers_football_team_41f1.html
jaguars,2006_Purdue_Boilermakers_football_team_41f1.html
page,"2006_Purdue_Boilermakers_football_team_41f1.html, 2007-08_Georgetown_Hoyas_men's_basketball_team_a8f4.html"
to,"2006_Purdue_Boilermakers_football_team_41f1.html, 2007-08_Georgetown_Hoyas_men's_basketball_team_a8f4.html"
minute,2006_Purdue_Boilermakers_football_team_41f1.html
indiana,2006_Purdue_Boilermakers_football_team_41f1.html
nj,2007-08_Georgetown_Hoyas_men's_basketball_team_a8f4.html
followed,2006_Purdue_Boilermakers_football_team_41f1.html
mi,2006_Purdue_Boilermakers_football_team_41f1.html
position,2006_Purdue_Boilermakers_football_team_41f1.html
conference,"2006_Purdue_Boilermakers_football_team_41f1.html, 2007-08_Georgetown_Hoyas_men's_basketball_team_a8f4.html"
references,2007-08_Georgetown_Hoyas_men's_basketball_team_a8f4.html
campaign,2006_Purdue_Boilermakers_football_team_41f1.html
baker,2006_Purdue_Boilermakers_football_team_41f1.html
victory,2006_Purdue_Boilermakers_football_team_41f1.html
fabian,2006_Purdue_Boilermakers_football_team_41f1.html
seconds,2006_Purdue_Boilermakers_football_team_41f1.html
deficit,2006_Purdue_Boilermakers_football_team_41f1.html
hoof,"2006_Purdue_Boilermakers_football_team_41f1.html, 2007-08_Georgetown_Hoyas_men's_basketball_team_a8f4.html"
date,"2006_Purdue_Boilermakers_football_team_41f1.html, 2007-08_Georgetown_Hoyas_men's_basketball_team_a8f4.html"
brock,2006_Purdue_Boilermakers_football_team_41f1.html
john,"2006_Purdue_Boilermakers_football_team_41f1.html, 2007-08_Georgetown_Hoyas_men's_basketball_team_a8f4.html"
of,"2006_Purdue_Boilermakers_football_team_41f1.html, 2007-08_Georgetown_Hoyas_men's_basketball_team_a8f4.html"
again,2006_Purdue_Boilermakers_football_team_41f1.html
shut,2006_Purdue_Boilermakers_football_team_41f1.html
werner,2006_Purdue_Boilermakers_football_team_41f1.html
benson,2006_Purdue_Boilermakers_football_team_41f1.html
blackmon,2006_Purdue_Boilermakers_football_team_41f1.html
him,2006_Purdue_Boilermakers_football_team_41f1.html
wvu,2007-08_Georgetown_Hoyas_men's_basketball_team_a8f4.html
limited,2006_Purdue_Boilermakers_football_team_41f1.html
whitest,2006_Purdue_Boilermakers_football_team_41f1.html
kelly,2006_Purdue_Boilermakers_football_team_41f1.html
quinn,2006_Purdue_Boilermakers_football_team_41f1.html
defender,2006_Purdue_Boilermakers_football_team_41f1.html
stanton,2006_Purdue_Boilermakers_football_team_41f1.html
quintana,2006_Purdue_Boilermakers_football_team_41f1.html
user,"2006_Purdue_Boilermakers_football_team_41f1.html, 2007-08_Georgetown_Hoyas_men's_basketball_team_a8f4.html"
andrew,2006_Purdue_Boilermakers_football_team_41f1.html
heygood,2006_Purdue_Boilermakers_football_team_41f1.html
reda,2006_Purdue_Boilermakers_football_team_41f1.html
right,2006_Purdue_Boilermakers_football_team_41f1.html
bucket,2006_Purdue_Boilermakers_football_team_41f1.html
halliburton,2006_Purdue_Boilermakers_football_team_41f1.html
wi,2007-08_Georgetown_Hoyas_men's_basketball_team_a8f4.html
throwing,2006_Purdue_Boilermakers_football_team_41f1.html
tossed,2006_Purdue_Boilermakers_football_team_41f1.html
iii,2007-08_Georgetown_Hoyas_men's_basketball_team_a8f4.html
huffman,2006_Purdue_Boilermakers_football_team_41f1.html
rs,2006_Purdue_Boilermakers_football_team_41f1.html
rbc,2007-08_Georgetown_Hoyas_men's_basketball_team_a8f4.html
today,2007-08_Georgetown_Hoyas_men's_basketball_team_a8f4.html
torri,2006_Purdue_Boilermakers_football_team_41f1.html
justin,2006_Purdue_Boilermakers_football_team_41f1.html
standout,2006_Purdue_Boilermakers_football_team_41f1.html
green,2006_Purdue_Boilermakers_football_team_41f1.html
since,2006_Purdue_Boilermakers_football_team_41f1.html
east,"2006_Purdue_Boilermakers_football_team_41f1.html, 2007-08_Georgetown_Hoyas_men's_basketball_team_a8f4.html"
chapman,2006_Purdue_Boilermakers_football_team_41f1.html
spartan,2006_Purdue_Boilermakers_football_team_41f1.html
boilers,2006_Purdue_Boilermakers_football_team_41f1.html
rushed,2006_Purdue_Boilermakers_football_team_41f1.html
andy,2006_Purdue_Boilermakers_football_team_41f1.html
depaul,2007-08_Georgetown_Hoyas_men's_basketball_team_a8f4.html
their,"2006_Purdue_Boilermakers_football_team_41f1.html, 2007-08_Georgetown_Hoyas_men's_basketball_team_a8f4.html"
board,2006_Purdue_Boilermakers_football_team_41f1.html
prater,2006_Purdue_Boilermakers_football_team_41f1.html
base,2006_Purdue_Boilermakers_football_team_41f1.html
nc,2007-08_Georgetown_Hoyas_men's_basketball_team_a8f4.html
won,"2006_Purdue_Boilermakers_football_team_41f1.html, 2007-08_Georgetown_Hoyas_men's_basketball_team_a8f4.html"
northwestern,2006_Purdue_Boilermakers_football_team_41f1.html
tie,2006_Purdue_Boilermakers_football_team_41f1.html
quarter,2006_Purdue_Boilermakers_football_team_41f1.html
receivers,2006_Purdue_Boilermakers_football_team_41f1.html
fell,2006_Purdue_Boilermakers_football_team_41f1.html
issue,2006_Purdue_Boilermakers_football_team_41f1.html
michigan,"2006_Purdue_Boilermakers_football_team_41f1.html, 2007-08_Georgetown_Hoyas_men's_basketball_team_a8f4.html"
next,2006_Purdue_Boilermakers_football_team_41f1.html
miscue,2006_Purdue_Boilermakers_football_team_41f1.html
later,2006_Purdue_Boilermakers_football_team_41f1.html
began,2006_Purdue_Boilermakers_football_team_41f1.html
era,2006_Purdue_Boilermakers_football_team_41f1.html
changes,"2006_Purdue_Boilermakers_football_team_41f1.html, 2007-08_Georgetown_Hoyas_men's_basketball_team_a8f4.html"
left,2006_Purdue_Boilermakers_football_team_41f1.html
greenne,2006_Purdue_Boilermakers_football_team_41f1.html
spencer,2006_Purdue_Boilermakers_football_team_41f1.html
community,"2006_Purdue_Boilermakers_football_team_41f1.html, 2007-08_Georgetown_Hoyas_men's_basketball_team_a8f4.html"
isiah,2006_Purdue_Boilermakers_football_team_41f1.html
found,2006_Purdue_Boilermakers_football_team_41f1.html
murphy,2006_Purdue_Boilermakers_football_team_41f1.html
gophers,2006_Purdue_Boilermakers_football_team_41f1.html
rose,2006_Purdue_Boilermakers_football_team_41f1.html
returned,2006_Purdue_Boilermakers_football_team_41f1.html
jeff,2006_Purdue_Boilermakers_football_team_41f1.html
panfil,2006_Purdue_Boilermakers_football_team_41f1.html
sample,2006_Purdue_Boilermakers_football_team_41f1.html
features,2006_Purdue_Boilermakers_football_team_41f1.html
basketball,2007-08_Georgetown_Hoyas_men's_basketball_team_a8f4.html
failed,2006_Purdue_Boilermakers_football_team_41f1.html
cooper,2006_Purdue_Boilermakers_football_team_41f1.html
semifinals,2007-08_Georgetown_Hoyas_men's_basketball_team_a8f4.html
staats,2006_Purdue_Boilermakers_football_team_41f1.html
season,"2006_Purdue_Boilermakers_football_team_41f1.html, 2007-08_Georgetown_Hoyas_men's_basketball_team_a8f4.html"
eric,2006_Purdue_Boilermakers_football_team_41f1.html
result,"2006_Purdue_Boilermakers_football_team_41f1.html, 2007-08_Georgetown_Hoyas_men's_basketball_team_a8f4.html"
frank,2006_Purdue_Boilermakers_football_team_41f1.html
center,2007-08_Georgetown_Hoyas_men's_basketball_team_a8f4.html
carrier,2007-08_Georgetown_Hoyas_men's_basketball_team_a8f4.html
he,2006_Purdue_Boilermakers_football_team_41f1.html
record,"2006_Purdue_Boilermakers_football_team_41f1.html, 2007-08_Georgetown_Hoyas_men's_basketball_team_a8f4.html"
paid,2006_Purdue_Boilermakers_football_team_41f1.html
turnovers,2006_Purdue_Boilermakers_football_team_41f1.html
field,2006_Purdue_Boilermakers_football_team_41f1.html
opened,2006_Purdue_Boilermakers_football_team_41f1.html
between,2006_Purdue_Boilermakers_football_team_41f1.html
lafayette,2006_Purdue_Boilermakers_football_team_41f1.html
cbb,2007-08_Georgetown_Hoyas_men's_basketball_team_a8f4.html
advantage,2006_Purdue_Boilermakers_football_team_41f1.html
casey,2006_Purdue_Boilermakers_football_team_41f1.html
finishing,2006_Purdue_Boilermakers_football_team_41f1.html
final,2006_Purdue_Boilermakers_football_team_41f1.html
wide,2006_Purdue_Boilermakers_football_team_41f1.html
ryne,2006_Purdue_Boilermakers_football_team_41f1.html
push,2006_Purdue_Boilermakers_football_team_41f1.html
turf,2006_Purdue_Boilermakers_football_team_41f1.html
athletics,2006_Purdue_Boilermakers_football_team_41f1.html
its,2006_Purdue_Boilermakers_football_team_41f1.html
revision,"2006_Purdue_Boilermakers_football_team_41f1.html, 2007-08_Georgetown_Hoyas_men's_basketball_team_a8f4.html"
big,"2006_Purdue_Boilermakers_football_team_41f1.html, 2007-08_Georgetown_Hoyas_men's_basketball_team_a8f4.html"
portal,"2006_Purdue_Boilermakers_football_team_41f1.html, 2007-08_Georgetown_Hoyas_men's_basketball_team_a8f4.html"
rashard,2006_Purdue_Boilermakers_football_team_41f1.html
minutes,2006_Purdue_Boilermakers_football_team_41f1.html
kyle,2006_Purdue_Boilermakers_football_team_41f1.html
caught,2006_Purdue_Boilermakers_football_team_41f1.html
points,2006_Purdue_Boilermakers_football_team_41f1.html
and,"2006_Purdue_Boilermakers_football_team_41f1.html, 2007-08_Georgetown_Hoyas_men's_basketball_team_a8f4.html"
gb,2007-08_Georgetown_Hoyas_men's_basketball_team_a8f4.html
louisville,2007-08_Georgetown_Hoyas_men's_basketball_team_a8f4.html
younger,2006_Purdue_Boilermakers_football_team_41f1.html
but,2006_Purdue_Boilermakers_football_team_41f1.html
media,2006_Purdue_Boilermakers_football_team_41f1.html
w,"2006_Purdue_Boilermakers_football_team_41f1.html, 2007-08_Georgetown_Hoyas_men's_basketball_team_a8f4.html"
raben,2006_Purdue_Boilermakers_football_team_41f1.html
providence,2007-08_Georgetown_Hoyas_men's_basketball_team_a8f4.html
cyrus,2006_Purdue_Boilermakers_football_team_41f1.html
on,"2006_Purdue_Boilermakers_football_team_41f1.html, 2007-08_Georgetown_Hoyas_men's_basketball_team_a8f4.html"
keith,2006_Purdue_Boilermakers_football_team_41f1.html
role,2006_Purdue_Boilermakers_football_team_41f1.html
by,"2006_Purdue_Boilermakers_football_team_41f1.html, 2007-08_Georgetown_Hoyas_men's_basketball_team_a8f4.html"
coordinator,2006_Purdue_Boilermakers_football_team_41f1.html
kicked,2006_Purdue_Boilermakers_football_team_41f1.html
mike,2006_Purdue_Boilermakers_football_team_41f1.html
the,"2006_Purdue_Boilermakers_football_team_41f1.html, 2007-08_Georgetown_Hoyas_men's_basketball_team_a8f4.html"
consistent,2006_Purdue_Boilermakers_football_team_41f1.html
november,2007-08_Georgetown_Hoyas_men's_basketball_team_a8f4.html
whittington,2006_Purdue_Boilermakers_football_team_41f1.html
allstate,2007-08_Georgetown_Hoyas_men's_basketball_team_a8f4.html
about,"2006_Purdue_Boilermakers_football_team_41f1.html, 2007-08_Georgetown_Hoyas_men's_basketball_team_a8f4.html"
roberto,2006_Purdue_Boilermakers_football_team_41f1.html
standeford,2006_Purdue_Boilermakers_football_team_41f1.html
royce,2006_Purdue_Boilermakers_football_team_41f1.html
afternoon,2006_Purdue_Boilermakers_football_team_41f1.html
starters,2006_Purdue_Boilermakers_football_team_41f1.html
spread,2006_Purdue_Boilermakers_football_team_41f1.html
following,2006_Purdue_Boilermakers_football_team_41f1.html
content,"2006_Purdue_Boilermakers_football_team_41f1.html, 2007-08_Georgetown_Hoyas_men's_basketball_team_a8f4.html"
tiller,2006_Purdue_Boilermakers_football_team_41f1.html
kevin,2006_Purdue_Boilermakers_football_team_41f1.html
corey,2006_Purdue_Boilermakers_football_team_41f1.html
spack,2006_Purdue_Boilermakers_football_team_41f1.html
kickers,2006_Purdue_Boilermakers_football_team_41f1.html
chattams,2006_Purdue_Boilermakers_football_team_41f1.html
kind,2006_Purdue_Boilermakers_football_team_41f1.html
open,2006_Purdue_Boilermakers_football_team_41f1.html
potential,2006_Purdue_Boilermakers_football_team_41f1.html
old,"2006_Purdue_Boilermakers_football_team_41f1.html, 2007-08_Georgetown_Hoyas_men's_basketball_team_a8f4.html"
quarters,2006_Purdue_Boilermakers_football_team_41f1.html
went,2006_Purdue_Boilermakers_football_team_41f1.html
once,2006_Purdue_Boilermakers_football_team_41f1.html
staff,2006_Purdue_Boilermakers_football_team_41f1.html
jared,2006_Purdue_Boilermakers_football_team_41f1.html
tv,"2006_Purdue_Boilermakers_football_team_41f1.html, 2007-08_Georgetown_Hoyas_men's_basketball_team_a8f4.html"
articlediscussioncurrent,"2006_Purdue_Boilermakers_football_team_41f1.html, 2007-08_Georgetown_Hoyas_men's_basketball_team_a8f4.html"
quarterback,2006_Purdue_Boilermakers_football_team_41f1.html
zaleski,2006_Purdue_Boilermakers_football_team_41f1.html
excessive,2007-08_Georgetown_Hoyas_men's_basketball_team_a8f4.html
stopped,2006_Purdue_Boilermakers_football_team_41f1.html
umbc,2007-08_Georgetown_Hoyas_men's_basketball_team_a8f4.html
andre,2006_Purdue_Boilermakers_football_team_41f1.html
during,2006_Purdue_Boilermakers_football_team_41f1.html
jim,2006_Purdue_Boilermakers_football_team_41f1.html
condition,2006_Purdue_Boilermakers_football_team_41f1.html
walt,2006_Purdue_Boilermakers_football_team_41f1.html
junior,2006_Purdue_Boilermakers_football_team_41f1.html
reach,2006_Purdue_Boilermakers_football_team_41f1.html
jerry,2006_Purdue_Boilermakers_football_team_41f1.html
hardy,2006_Purdue_Boilermakers_football_team_41f1.html
score,2006_Purdue_Boilermakers_football_team_41f1.html
trademark,"2006_Purdue_Boilermakers_football_team_41f1.html, 2007-08_Georgetown_Hoyas_men's_basketball_team_a8f4.html"
cavallo,2006_Purdue_Boilermakers_football_team_41f1.html
abc,2006_Purdue_Boilermakers_football_team_41f1.html
kory,2006_Purdue_Boilermakers_football_team_41f1.html
punters,2006_Purdue_Boilermakers_football_team_41f1.html
dallas,2006_Purdue_Boilermakers_football_team_41f1.html
james,2006_Purdue_Boilermakers_football_team_41f1.html
became,2006_Purdue_Boilermakers_football_team_41f1.html
brody,2006_Purdue_Boilermakers_football_team_41f1.html
total,2006_Purdue_Boilermakers_football_team_41f1.html
college,"2006_Purdue_Boilermakers_football_team_41f1.html, 2007-08_Georgetown_Hoyas_men's_basketball_team_a8f4.html"
ross,2006_Purdue_Boilermakers_football_team_41f1.html
run,2006_Purdue_Boilermakers_football_team_41f1.html
came,2006_Purdue_Boilermakers_football_team_41f1.html
was,"2006_Purdue_Boilermakers_football_team_41f1.html, 2007-08_Georgetown_Hoyas_men's_basketball_team_a8f4.html"
third,2006_Purdue_Boilermakers_football_team_41f1.html
espnu,2006_Purdue_Boilermakers_football_team_41f1.html
citrus,2006_Purdue_Boilermakers_football_team_41f1.html
effective,2006_Purdue_Boilermakers_football_team_41f1.html
benton,2006_Purdue_Boilermakers_football_team_41f1.html
dario,2006_Purdue_Boilermakers_football_team_41f1.html
derek,2006_Purdue_Boilermakers_football_team_41f1.html
dorien,2006_Purdue_Boilermakers_football_team_41f1.html
available,"2006_Purdue_Boilermakers_football_team_41f1.html, 2007-08_Georgetown_Hoyas_men's_basketball_team_a8f4.html"
made,2006_Purdue_Boilermakers_football_team_41f1.html
ends,2006_Purdue_Boilermakers_football_team_41f1.html
back,2006_Purdue_Boilermakers_football_team_41f1.html
them,2006_Purdue_Boilermakers_football_team_41f1.html
success,2007-08_Georgetown_Hoyas_men's_basketball_team_a8f4.html
played,2006_Purdue_Boilermakers_football_team_41f1.html
contents,"2006_Purdue_Boilermakers_football_team_41f1.html, 2007-08_Georgetown_Hoyas_men's_basketball_team_a8f4.html"
lynch,2006_Purdue_Boilermakers_football_team_41f1.html
behind,2006_Purdue_Boilermakers_football_team_41f1.html
shada,2006_Purdue_Boilermakers_football_team_41f1.html
adams,2006_Purdue_Boilermakers_football_team_41f1.html
kokal,2006_Purdue_Boilermakers_football_team_41f1.html
head,"2006_Purdue_Boilermakers_football_team_41f1.html, 2007-08_Georgetown_Hoyas_men's_basketball_team_a8f4.html"
dual,2006_Purdue_Boilermakers_football_team_41f1.html
close,2006_Purdue_Boilermakers_football_team_41f1.html
nick,2006_Purdue_Boilermakers_football_team_41f1.html
drew,2006_Purdue_Boilermakers_football_team_41f1.html
fake,2006_Purdue_Boilermakers_football_team_41f1.html
drive,2006_Purdue_Boilermakers_football_team_41f1.html
disclaimers,"2006_Purdue_Boilermakers_football_team_41f1.html, 2007-08_Georgetown_Hoyas_men's_basketball_team_a8f4.html"
chosen,2006_Purdue_Boilermakers_football_team_41f1.html
brother,2006_Purdue_Boilermakers_football_team_41f1.html
joey,2006_Purdue_Boilermakers_football_team_41f1.html
brown,"2006_Purdue_Boilermakers_football_team_41f1.html, 2007-08_Georgetown_Hoyas_men's_basketball_team_a8f4.html"
a,"2006_Purdue_Boilermakers_football_team_41f1.html, 2007-08_Georgetown_Hoyas_men's_basketball_team_a8f4.html"
put,2006_Purdue_Boilermakers_football_team_41f1.html
text,"2006_Purdue_Boilermakers_football_team_41f1.html, 2007-08_Georgetown_Hoyas_men's_basketball_team_a8f4.html"
deeds,2006_Purdue_Boilermakers_football_team_41f1.html
chance,2006_Purdue_Boilermakers_football_team_41f1.html
search,"2006_Purdue_Boilermakers_football_team_41f1.html, 2007-08_Georgetown_Hoyas_men's_basketball_team_a8f4.html"
wisconsin,2006_Purdue_Boilermakers_football_team_41f1.html
ky,2007-08_Georgetown_Hoyas_men's_basketball_team_a8f4.html
ahead,2006_Purdue_Boilermakers_football_team_41f1.html
sester,2006_Purdue_Boilermakers_football_team_41f1.html
logan,2006_Purdue_Boilermakers_football_team_41f1.html
tournament,2007-08_Georgetown_Hoyas_men's_basketball_team_a8f4.html
hoyas,2007-08_Georgetown_Hoyas_men's_basketball_team_a8f4.html
mason,2006_Purdue_Boilermakers_football_team_41f1.html
alec,2006_Purdue_Boilermakers_football_team_41f1.html
bowl,2006_Purdue_Boilermakers_football_team_41f1.html
day,2006_Purdue_Boilermakers_football_team_41f1.html
thirteen,2006_Purdue_Boilermakers_football_team_41f1.html
quarterbacks,2006_Purdue_Boilermakers_football_team_41f1.html
hall,"2006_Purdue_Boilermakers_football_team_41f1.html, 2007-08_Georgetown_Hoyas_men's_basketball_team_a8f4.html"
anticipated,2006_Purdue_Boilermakers_football_team_41f1.html
into,2006_Purdue_Boilermakers_football_team_41f1.html
selywn,2006_Purdue_Boilermakers_football_team_41f1.html
while,2006_Purdue_Boilermakers_football_team_41f1.html
memorial,2006_Purdue_Boilermakers_football_team_41f1.html
yardage,2006_Purdue_Boilermakers_football_team_41f1.html
orton,2006_Purdue_Boilermakers_football_team_41f1.html
out,2006_Purdue_Boilermakers_football_team_41f1.html
yards,2006_Purdue_Boilermakers_football_team_41f1.html
pierce,2006_Purdue_Boilermakers_football_team_41f1.html
benjamin,2006_Purdue_Boilermakers_football_team_41f1.html
nbc,2006_Purdue_Boilermakers_football_team_41f1.html
tony,2006_Purdue_Boilermakers_football_team_41f1.html
further,2006_Purdue_Boilermakers_football_team_41f1.html
which,"2006_Purdue_Boilermakers_football_team_41f1.html, 2007-08_Georgetown_Hoyas_men's_basketball_team_a8f4.html"
turnover,2006_Purdue_Boilermakers_football_team_41f1.html
sean,2006_Purdue_Boilermakers_football_team_41f1.html
garrett,2006_Purdue_Boilermakers_football_team_41f1.html
darius,2006_Purdue_Boilermakers_football_team_41f1.html
hi,2006_Purdue_Boilermakers_football_team_41f1.html
bryan,2006_Purdue_Boilermakers_football_team_41f1.html
experienced,2006_Purdue_Boilermakers_football_team_41f1.html
no,2006_Purdue_Boilermakers_football_team_41f1.html
for,"2006_Purdue_Boilermakers_football_team_41f1.html, 2007-08_Georgetown_Hoyas_men's_basketball_team_a8f4.html"
documentation,"2006_Purdue_Boilermakers_football_team_41f1.html, 2007-08_Georgetown_Hoyas_men's_basketball_team_a8f4.html"
seasons,"2006_Purdue_Boilermakers_football_team_41f1.html, 2007-08_Georgetown_Hoyas_men's_basketball_team_a8f4.html"
tardy,2006_Purdue_Boilermakers_football_team_41f1.html
football,2006_Purdue_Boilermakers_football_team_41f1.html
badgers,2006_Purdue_Boilermakers_football_team_41f1.html
against,2006_Purdue_Boilermakers_football_team_41f1.html
hoosier,2006_Purdue_Boilermakers_football_team_41f1.html
rutgers,2007-08_Georgetown_Hoyas_men's_basketball_team_a8f4.html
petersen,2007-08_Georgetown_Hoyas_men's_basketball_team_a8f4.html
ferguson,2006_Purdue_Boilermakers_football_team_41f1.html
wolf,2006_Purdue_Boilermakers_football_team_41f1.html
kris,2006_Purdue_Boilermakers_football_team_41f1.html
roster,2006_Purdue_Boilermakers_football_team_41f1.html
playing,2006_Purdue_Boilermakers_football_team_41f1.html
from,"2006_Purdue_Boilermakers_football_team_41f1.html, 2007-08_Georgetown_Hoyas_men's_basketball_team_a8f4.html"
sod,2006_Purdue_Boilermakers_football_team_41f1.html
replace,2006_Purdue_Boilermakers_football_team_41f1.html
taylor,2006_Purdue_Boilermakers_football_team_41f1.html
armstrong,2006_Purdue_Boilermakers_football_team_41f1.html
cerebellum,2007-08_Georgetown_Hoyas_men's_basketball_team_a8f4.html
edit,2006_Purdue_Boilermakers_football_team_41f1.html
ian,2006_Purdue_Boilermakers_football_team_41f1.html
jake,2006_Purdue_Boilermakers_football_team_41f1.html
payne,2006_Purdue_Boilermakers_football_team_41f1.html
runs,2006_Purdue_Boilermakers_football_team_41f1.html
forced,2006_Purdue_Boilermakers_football_team_41f1.html
classic,2006_Purdue_Boilermakers_football_team_41f1.html
bushong,2006_Purdue_Boilermakers_football_team_41f1.html
state,"2006_Purdue_Boilermakers_football_team_41f1.html, 2007-08_Georgetown_Hoyas_men's_basketball_team_a8f4.html"
option,2006_Purdue_Boilermakers_football_team_41f1.html
before,2006_Purdue_Boilermakers_football_team_41f1.html
wv,2007-08_Georgetown_Hoyas_men's_basketball_team_a8f4.html
new,2007-08_Georgetown_Hoyas_men's_basketball_team_a8f4.html
cut,2006_Purdue_Boilermakers_football_team_41f1.html
pat,2006_Purdue_Boilermakers_football_team_41f1.html
ran,2006_Purdue_Boilermakers_football_team_41f1.html
teams,2006_Purdue_Boilermakers_football_team_41f1.html
halftime,2006_Purdue_Boilermakers_football_team_41f1.html
chris,2006_Purdue_Boilermakers_football_team_41f1.html
scoring,2006_Purdue_Boilermakers_football_team_41f1.html
half,2006_Purdue_Boilermakers_football_team_41f1.html
two,2006_Purdue_Boilermakers_football_team_41f1.html
than,2006_Purdue_Boilermakers_football_team_41f1.html
tennessee,2006_Purdue_Boilermakers_football_team_41f1.html
pierre,2006_Purdue_Boilermakers_football_team_41f1.html
other,2006_Purdue_Boilermakers_football_team_41f1.html
putting,2006_Purdue_Boilermakers_football_team_41f1.html
georgetown,2007-08_Georgetown_Hoyas_men's_basketball_team_a8f4.html
dame,"2006_Purdue_Boilermakers_football_team_41f1.html, 2007-08_Georgetown_Hoyas_men's_basketball_team_a8f4.html"
middle,2006_Purdue_Boilermakers_football_team_41f1.html
standings,2007-08_Georgetown_Hoyas_men's_basketball_team_a8f4.html
thrown,2006_Purdue_Boilermakers_football_team_41f1.html
aaron,2006_Purdue_Boilermakers_football_team_41f1.html
l,"2006_Purdue_Boilermakers_football_team_41f1.html, 2007-08_Georgetown_Hoyas_men's_basketball_team_a8f4.html"
matt,2006_Purdue_Boilermakers_football_team_41f1.html
spartans,2006_Purdue_Boilermakers_football_team_41f1.html
eastern,2006_Purdue_Boilermakers_football_team_41f1.html
both,2006_Purdue_Boilermakers_football_team_41f1.html
nfl,2006_Purdue_Boilermakers_football_team_41f1.html
short,2006_Purdue_Boilermakers_football_team_41f1.html
had,2006_Purdue_Boilermakers_football_team_41f1.html
cardinals,2006_Purdue_Boilermakers_football_team_41f1.html
tried,2006_Purdue_Boilermakers_football_team_41f1.html
chase,2006_Purdue_Boilermakers_football_team_41f1.html
swope,2006_Purdue_Boilermakers_football_team_41f1.html
advanced,2007-08_Georgetown_Hoyas_men's_basketball_team_a8f4.html
controlled,2006_Purdue_Boilermakers_football_team_41f1.html
lecklider,2006_Purdue_Boilermakers_football_team_41f1.html
athletic,2007-08_Georgetown_Hoyas_men's_basketball_team_a8f4.html
recent,"2006_Purdue_Boilermakers_football_team_41f1.html, 2007-08_Georgetown_Hoyas_men's_basketball_team_a8f4.html"
td,2006_Purdue_Boilermakers_football_team_41f1.html
mcknight,2006_Purdue_Boilermakers_football_team_41f1.html
duong,2006_Purdue_Boilermakers_football_team_41f1.html
desmond,2006_Purdue_Boilermakers_football_team_41f1.html
selwyn,2006_Purdue_Boilermakers_football_team_41f1.html
times,2006_Purdue_Boilermakers_football_team_41f1.html
jordan,2006_Purdue_Boilermakers_football_team_41f1.html
possession,2006_Purdue_Boilermakers_football_team_41f1.html
under,"2006_Purdue_Boilermakers_football_team_41f1.html, 2007-08_Georgetown_Hoyas_men's_basketball_team_a8f4.html"
brady,2006_Purdue_Boilermakers_football_team_41f1.html
they,"2006_Purdue_Boilermakers_football_team_41f1.html, 2007-08_Georgetown_Hoyas_men's_basketball_team_a8f4.html"
writers,2006_Purdue_Boilermakers_football_team_41f1.html
loss,2006_Purdue_Boilermakers_football_team_41f1.html
zaunbrecher,2006_Purdue_Boilermakers_football_team_41f1.html
champs,2006_Purdue_Boilermakers_football_team_41f1.html
released,2006_Purdue_Boilermakers_football_team_41f1.html
wasikowski,2006_Purdue_Boilermakers_football_team_41f1.html
unable,2006_Purdue_Boilermakers_football_team_41f1.html
minnesota,2006_Purdue_Boilermakers_football_team_41f1.html
lymon,2006_Purdue_Boilermakers_football_team_41f1.html
permanent,2006_Purdue_Boilermakers_football_team_41f1.html
coming,2006_Purdue_Boilermakers_football_team_41f1.html
threw,2006_Purdue_Boilermakers_football_team_41f1.html
aloha,2006_Purdue_Boilermakers_football_team_41f1.html
magee,2006_Purdue_Boilermakers_football_team_41f1.html
bradley,2007-08_Georgetown_Hoyas_men's_basketball_team_a8f4.html
ended,2006_Purdue_Boilermakers_football_team_41f1.html
own,2006_Purdue_Boilermakers_football_team_41f1.html
midway,2006_Purdue_Boilermakers_football_team_41f1.html
managed,2006_Purdue_Boilermakers_football_team_41f1.html
up,2006_Purdue_Boilermakers_football_team_41f1.html
nathan,2006_Purdue_Boilermakers_football_team_41f1.html
annual,2006_Purdue_Boilermakers_football_team_41f1.html
va,2007-08_Georgetown_Hoyas_men's_basketball_team_a8f4.html
oaken,2006_Purdue_Boilermakers_football_team_41f1.html
welch,2006_Purdue_Boilermakers_football_team_41f1.html
nonprofit,"2006_Purdue_Boilermakers_football_team_41f1.html, 2007-08_Georgetown_Hoyas_men's_basketball_team_a8f4.html"
kacinko,2006_Purdue_Boilermakers_football_team_41f1.html
adam,2006_Purdue_Boilermakers_football_team_41f1.html
freedom,2007-08_Georgetown_Hoyas_men's_basketball_team_a8f4.html
notes,2006_Purdue_Boilermakers_football_team_41f1.html
mendenhall,2006_Purdue_Boilermakers_football_team_41f1.html
spaeth,2006_Purdue_Boilermakers_football_team_41f1.html
davidson,2007-08_Georgetown_Hoyas_men's_basketball_team_a8f4.html
legg,2006_Purdue_Boilermakers_football_team_41f1.html
very,2006_Purdue_Boilermakers_football_team_41f1.html
scores,2006_Purdue_Boilermakers_football_team_41f1.html
ot,"2006_Purdue_Boilermakers_football_team_41f1.html, 2007-08_Georgetown_Hoyas_men's_basketball_team_a8f4.html"
david,2006_Purdue_Boilermakers_football_team_41f1.html
best,2006_Purdue_Boilermakers_football_team_41f1.html
illinois,2006_Purdue_Boilermakers_football_team_41f1.html
hunt,2006_Purdue_Boilermakers_football_team_41f1.html
memphis,2007-08_Georgetown_Hoyas_men's_basketball_team_a8f4.html
schlicher,2006_Purdue_Boilermakers_football_team_41f1.html
featured,"2006_Purdue_Boilermakers_football_team_41f1.html, 2007-08_Georgetown_Hoyas_men's_basketball_team_a8f4.html"
jermaine,2006_Purdue_Boilermakers_football_team_41f1.html
october,2006_Purdue_Boilermakers_football_team_41f1.html
wildcats,2006_Purdue_Boilermakers_football_team_41f1.html
represented,2006_Purdue_Boilermakers_football_team_41f1.html
broke,2006_Purdue_Boilermakers_football_team_41f1.html
rhema,2006_Purdue_Boilermakers_football_team_41f1.html
fourth,2006_Purdue_Boilermakers_football_team_41f1.html
give,2006_Purdue_Boilermakers_football_team_41f1.html
picked,2006_Purdue_Boilermakers_football_team_41f1.html
results,2007-08_Georgetown_Hoyas_men's_basketball_team_a8f4.html
saw,2006_Purdue_Boilermakers_football_team_41f1.html
ryan,2006_Purdue_Boilermakers_football_team_41f1.html
dustin,2006_Purdue_Boilermakers_football_team_41f1.html
garden,2007-08_Georgetown_Hoyas_men's_basketball_team_a8f4.html
tn,2007-08_Georgetown_Hoyas_men's_basketball_team_a8f4.html
off,2006_Purdue_Boilermakers_football_team_41f1.html
work,"2006_Purdue_Boilermakers_football_team_41f1.html, 2007-08_Georgetown_Hoyas_men's_basketball_team_a8f4.html"
florida,2007-08_Georgetown_Hoyas_men's_basketball_team_a8f4.html
return,2006_Purdue_Boilermakers_football_team_41f1.html
at,2006_Purdue_Boilermakers_football_team_41f1.html
golden,2006_Purdue_Boilermakers_football_team_41f1.html
uche,2006_Purdue_Boilermakers_football_team_41f1.html
sims,2006_Purdue_Boilermakers_football_team_41f1.html
goal,2006_Purdue_Boilermakers_football_team_41f1.html
william,2007-08_Georgetown_Hoyas_men's_basketball_team_a8f4.html
over,2006_Purdue_Boilermakers_football_team_41f1.html
donuts,2007-08_Georgetown_Hoyas_men's_basketball_team_a8f4.html
copyrights,"2006_Purdue_Boilermakers_football_team_41f1.html, 2007-08_Georgetown_Hoyas_men's_basketball_team_a8f4.html"
louis,"2006_Purdue_Boilermakers_football_team_41f1.html, 2007-08_Georgetown_Hoyas_men's_basketball_team_a8f4.html"
fumble,2006_Purdue_Boilermakers_football_team_41f1.html
three,2006_Purdue_Boilermakers_football_team_41f1.html
long,2006_Purdue_Boilermakers_football_team_41f1.html
boilermakers,2006_Purdue_Boilermakers_football_team_41f1.html
running,2006_Purdue_Boilermakers_football_team_41f1.html
anthony,2006_Purdue_Boilermakers_football_team_41f1.html
win,2006_Purdue_Boilermakers_football_team_41f1.html
painter,2006_Purdue_Boilermakers_football_team_41f1.html
jaycen,2006_Purdue_Boilermakers_football_team_41f1.html
five,2006_Purdue_Boilermakers_football_team_41f1.html
trouble,2006_Purdue_Boilermakers_football_team_41f1.html
hoosiers,2006_Purdue_Boilermakers_football_team_41f1.html
not,2006_Purdue_Boilermakers_football_team_41f1.html
nate,2006_Purdue_Boilermakers_football_team_41f1.html
gnu,"2006_Purdue_Boilermakers_football_team_41f1.html, 2007-08_Georgetown_Hoyas_men's_basketball_team_a8f4.html"
line,2006_Purdue_Boilermakers_football_team_41f1.html
as,"2006_Purdue_Boilermakers_football_team_41f1.html, 2007-08_Georgetown_Hoyas_men's_basketball_team_a8f4.html"
oh,2006_Purdue_Boilermakers_football_team_41f1.html
elliott,2006_Purdue_Boilermakers_football_team_41f1.html
jamal,2006_Purdue_Boilermakers_football_team_41f1.html
consecutive,2006_Purdue_Boilermakers_football_team_41f1.html
iowa,2006_Purdue_Boilermakers_football_team_41f1.html
convocation,2007-08_Georgetown_Hoyas_men's_basketball_team_a8f4.html
done,2006_Purdue_Boilermakers_football_team_41f1.html
recovered,2006_Purdue_Boilermakers_football_team_41f1.html
division,"2006_Purdue_Boilermakers_football_team_41f1.html, 2007-08_Georgetown_Hoyas_men's_basketball_team_a8f4.html"
mere,2006_Purdue_Boilermakers_football_team_41f1.html
sophomore,2006_Purdue_Boilermakers_football_team_41f1.html
coordinators,2006_Purdue_Boilermakers_football_team_41f1.html
got,2006_Purdue_Boilermakers_football_team_41f1.html
team,"2006_Purdue_Boilermakers_football_team_41f1.html, 2007-08_Georgetown_Hoyas_men's_basketball_team_a8f4.html"
curtis,2006_Purdue_Boilermakers_football_team_41f1.html
views,"2006_Purdue_Boilermakers_football_team_41f1.html, 2007-08_Georgetown_Hoyas_men's_basketball_team_a8f4.html"
safety,2006_Purdue_Boilermakers_football_team_41f1.html
summers,2006_Purdue_Boilermakers_football_team_41f1.html
ny,2007-08_Georgetown_Hoyas_men's_basketball_team_a8f4.html
pender,2006_Purdue_Boilermakers_football_team_41f1.html
scored,2006_Purdue_Boilermakers_football_team_41f1.html
linebackers,2006_Purdue_Boilermakers_football_team_41f1.html
champions,2007-08_Georgetown_Hoyas_men's_basketball_team_a8f4.html
keglar,2006_Purdue_Boilermakers_football_team_41f1.html
main,"2006_Purdue_Boilermakers_football_team_41f1.html, 2007-08_Georgetown_Hoyas_men's_basketball_team_a8f4.html"
reilly,2006_Purdue_Boilermakers_football_team_41f1.html
lions,2006_Purdue_Boilermakers_football_team_41f1.html
move,2006_Purdue_Boilermakers_football_team_41f1.html
bright,2006_Purdue_Boilermakers_football_team_41f1.html
battle,2006_Purdue_Boilermakers_football_team_41f1.html
miami,2006_Purdue_Boilermakers_football_team_41f1.html
road,2006_Purdue_Boilermakers_football_team_41f1.html
closer,2006_Purdue_Boilermakers_football_team_41f1.html
competing,"2006_Purdue_Boilermakers_football_team_41f1.html, 2007-08_Georgetown_Hoyas_men's_basketball_team_a8f4.html"
jumped,2006_Purdue_Boilermakers_football_team_41f1.html
fullback,2006_Purdue_Boilermakers_football_team_41f1.html
extended,2006_Purdue_Boilermakers_football_team_41f1.html
possible,2006_Purdue_Boilermakers_football_team_41f1.html
square,2007-08_Georgetown_Hoyas_men's_basketball_team_a8f4.html
lead,2006_Purdue_Boilermakers_football_team_41f1.html
interaction,"2006_Purdue_Boilermakers_football_team_41f1.html, 2007-08_Georgetown_Hoyas_men's_basketball_team_a8f4.html"
ten,2006_Purdue_Boilermakers_football_team_41f1.html
fincher,2006_Purdue_Boilermakers_football_team_41f1.html
erwin,2006_Purdue_Boilermakers_football_team_41f1.html
wearing,2006_Purdue_Boilermakers_football_team_41f1.html
coach,"2006_Purdue_Boilermakers_football_team_41f1.html, 2007-08_Georgetown_Hoyas_men's_basketball_team_a8f4.html"
catch,2006_Purdue_Boilermakers_football_team_41f1.html
fullbacks,2006_Purdue_Boilermakers_football_team_41f1.html
streak,2006_Purdue_Boilermakers_football_team_41f1.html
i,"2006_Purdue_Boilermakers_football_team_41f1.html, 2007-08_Georgetown_Hoyas_men's_basketball_team_a8f4.html"
halfback,2006_Purdue_Boilermakers_football_team_41f1.html
mcdonald,2006_Purdue_Boilermakers_football_team_41f1.html
any,2006_Purdue_Boilermakers_football_team_41f1.html
award,2006_Purdue_Boilermakers_football_team_41f1.html
passes,2006_Purdue_Boilermakers_football_team_41f1.html
added,2006_Purdue_Boilermakers_football_team_41f1.html
remaining,2006_Purdue_Boilermakers_football_team_41f1.html
help,"2006_Purdue_Boilermakers_football_team_41f1.html, 2007-08_Georgetown_Hoyas_men's_basketball_team_a8f4.html"
former,2006_Purdue_Boilermakers_football_team_41f1.html
jonathan,2006_Purdue_Boilermakers_football_team_41f1.html
boilermaker,2006_Purdue_Boilermakers_football_team_41f1.html
fbs,2006_Purdue_Boilermakers_football_team_41f1.html
keller,2006_Purdue_Boilermakers_football_team_41f1.html
lampert,2006_Purdue_Boilermakers_football_team_41f1.html
place,2007-08_Georgetown_Hoyas_men's_basketball_team_a8f4.html
josh,2006_Purdue_Boilermakers_football_team_41f1.html
redhawks,2006_Purdue_Boilermakers_football_team_41f1.html
touchdowns,2006_Purdue_Boilermakers_football_team_41f1.html
this,"2006_Purdue_Boilermakers_football_team_41f1.html, 2007-08_Georgetown_Hoyas_men's_basketball_team_a8f4.html"
home,"2006_Purdue_Boilermakers_football_team_41f1.html, 2007-08_Georgetown_Hoyas_men's_basketball_team_a8f4.html"
sandwiched,2006_Purdue_Boilermakers_football_team_41f1.html
in,"2006_Purdue_Boilermakers_football_team_41f1.html, 2007-08_Georgetown_Hoyas_men's_basketball_team_a8f4.html"
ayers,2006_Purdue_Boilermakers_football_team_41f1.html
produce,2006_Purdue_Boilermakers_football_team_41f1.html
coaching,2006_Purdue_Boilermakers_football_team_41f1.html
amassed,2006_Purdue_Boilermakers_football_team_41f1.html
answered,2006_Purdue_Boilermakers_football_team_41f1.html
connecticut,2007-08_Georgetown_Hoyas_men's_basketball_team_a8f4.html
beginning,2006_Purdue_Boilermakers_football_team_41f1.html
straight,2006_Purdue_Boilermakers_football_team_41f1.html
neal,2006_Purdue_Boilermakers_football_team_41f1.html
struggled,2006_Purdue_Boilermakers_football_team_41f1.html
receiver,2006_Purdue_Boilermakers_football_team_41f1.html
anonymous,2006_Purdue_Boilermakers_football_team_41f1.html
hill,2006_Purdue_Boilermakers_football_team_41f1.html
irish,2006_Purdue_Boilermakers_football_team_41f1.html
led,2006_Purdue_Boilermakers_football_team_41f1.html
guynn,2006_Purdue_Boilermakers_football_team_41f1.html
notre,"2006_Purdue_Boilermakers_football_team_41f1.html, 2007-08_Georgetown_Hoyas_men's_basketball_team_a8f4.html"
terrell,2006_Purdue_Boilermakers_football_team_41f1.html
losing,2006_Purdue_Boilermakers_football_team_41f1.html
backs,2006_Purdue_Boilermakers_football_team_41f1.html
wikimedia,"2006_Purdue_Boilermakers_football_team_41f1.html, 2007-08_Georgetown_Hoyas_men's_basketball_team_a8f4.html"
retained,2006_Purdue_Boilermakers_football_team_41f1.html
cincinnati,2007-08_Georgetown_Hoyas_men's_basketball_team_a8f4.html
jacob,2006_Purdue_Boilermakers_football_team_41f1.html
are,2006_Purdue_Boilermakers_football_team_41f1.html
fighting,2006_Purdue_Boilermakers_football_team_41f1.html
opening,2006_Purdue_Boilermakers_football_team_41f1.html
radford,2007-08_Georgetown_Hoyas_men's_basketball_team_a8f4.html
until,2006_Purdue_Boilermakers_football_team_41f1.html
purdue,2006_Purdue_Boilermakers_football_team_41f1.html
get,2006_Purdue_Boilermakers_football_team_41f1.html
zach,2006_Purdue_Boilermakers_football_team_41f1.html
defense,2006_Purdue_Boilermakers_football_team_41f1.html
madison,2007-08_Georgetown_Hoyas_men's_basketball_team_a8f4.html
woods,2006_Purdue_Boilermakers_football_team_41f1.html
patton,2006_Purdue_Boilermakers_football_team_41f1.html
major,2006_Purdue_Boilermakers_football_team_41f1.html
verizon,2007-08_Georgetown_Hoyas_men's_basketball_team_a8f4.html
external,"2006_Purdue_Boilermakers_football_team_41f1.html, 2007-08_Georgetown_Hoyas_men's_basketball_team_a8f4.html"
ohio,2006_Purdue_Boilermakers_football_team_41f1.html
through,2006_Purdue_Boilermakers_football_team_41f1.html
cupito,2006_Purdue_Boilermakers_football_team_41f1.html
game,2006_Purdue_Boilermakers_football_team_41f1.html
with,2006_Purdue_Boilermakers_football_team_41f1.html
based,"2006_Purdue_Boilermakers_football_team_41f1.html, 2007-08_Georgetown_Hoyas_men's_basketball_team_a8f4.html"
containing,2006_Purdue_Boilermakers_football_team_41f1.html
plus,2006_Purdue_Boilermakers_football_team_41f1.html
late,2006_Purdue_Boilermakers_football_team_41f1.html
selected,2006_Purdue_Boilermakers_football_team_41f1.html
post,2006_Purdue_Boilermakers_football_team_41f1.html
bryant,2006_Purdue_Boilermakers_football_team_41f1.html
dickerson,2006_Purdue_Boilermakers_football_team_41f1.html
humphrey,2006_Purdue_Boilermakers_football_team_41f1.html
nwaneri,2006_Purdue_Boilermakers_football_team_41f1.html
overall,2007-08_Georgetown_Hoyas_men's_basketball_team_a8f4.html
several,2006_Purdue_Boilermakers_football_team_41f1.html
brian,2006_Purdue_Boilermakers_football_team_41f1.html
modified,"2006_Purdue_Boilermakers_football_team_41f1.html, 2007-08_Georgetown_Hoyas_men's_basketball_team_a8f4.html"
colt,2006_Purdue_Boilermakers_football_team_41f1.html
special,2006_Purdue_Boilermakers_football_team_41f1.html
rams,2006_Purdue_Boilermakers_football_team_41f1.html
worthen,2007-08_Georgetown_Hoyas_men's_basketball_team_a8f4.html
interception,2006_Purdue_Boilermakers_football_team_41f1.html
dominated,2006_Purdue_Boilermakers_football_team_41f1.html
alex,2006_Purdue_Boilermakers_football_team_41f1.html
tull,2006_Purdue_Boilermakers_football_team_41f1.html
martin,2006_Purdue_Boilermakers_football_team_41f1.html
each,2006_Purdue_Boilermakers_football_team_41f1.html
gained,2006_Purdue_Boilermakers_football_team_41f1.html
cory,2006_Purdue_Boilermakers_football_team_41f1.html
cbs,2007-08_Georgetown_Hoyas_men's_basketball_team_a8f4.html
links,"2006_Purdue_Boilermakers_football_team_41f1.html, 2007-08_Georgetown_Hoyas_men's_basketball_team_a8f4.html"
blocked,2006_Purdue_Boilermakers_football_team_41f1.html
virginia,2007-08_Georgetown_Hoyas_men's_basketball_team_a8f4.html
illini,2006_Purdue_Boilermakers_football_team_41f1.html
regular,"2006_Purdue_Boilermakers_football_team_41f1.html, 2007-08_Georgetown_Hoyas_men's_basketball_team_a8f4.html"
ninth,2006_Purdue_Boilermakers_football_team_41f1.html
ranking,2007-08_Georgetown_Hoyas_men's_basketball_team_a8f4.html
pass,2006_Purdue_Boilermakers_football_team_41f1.html
navigation,"2006_Purdue_Boilermakers_football_team_41f1.html, 2007-08_Georgetown_Hoyas_men's_basketball_team_a8f4.html"
pa,2007-08_Georgetown_Hoyas_men's_basketball_team_a8f4.html
encyclopedia,"2006_Purdue_Boilermakers_football_team_41f1.html, 2007-08_Georgetown_Hoyas_men's_basketball_team_a8f4.html"
current,"2006_Purdue_Boilermakers_football_team_41f1.html, 2007-08_Georgetown_Hoyas_men's_basketball_team_a8f4.html"
salyer,2006_Purdue_Boilermakers_football_team_41f1.html
dray,2006_Purdue_Boilermakers_football_team_41f1.html
seton,2007-08_Georgetown_Hoyas_men's_basketball_team_a8f4.html
around,2006_Purdue_Boilermakers_football_team_41f1.html
dominion,2007-08_Georgetown_Hoyas_men's_basketball_team_a8f4.html
goals,2006_Purdue_Boilermakers_football_team_41f1.html
thompson,2007-08_Georgetown_Hoyas_men's_basketball_team_a8f4.html
seven,2006_Purdue_Boilermakers_football_team_41f1.html
finish,2006_Purdue_Boilermakers_football_team_41f1.html
joe,2006_Purdue_Boilermakers_football_team_41f1.html
robbie,2006_Purdue_Boilermakers_football_team_41f1.html
avril,2006_Purdue_Boilermakers_football_team_41f1.html
kellen,2006_Purdue_Boilermakers_football_team_41f1.html
sheets,2006_Purdue_Boilermakers_football_team_41f1.html
royal,2006_Purdue_Boilermakers_football_team_41f1.html
marquette,2007-08_Georgetown_Hoyas_men's_basketball_team_a8f4.html
keyon,2006_Purdue_Boilermakers_football_team_41f1.html
mcbean,2006_Purdue_Boilermakers_football_team_41f1.html
narrowed,2006_Purdue_Boilermakers_football_team_41f1.html
official,2006_Purdue_Boilermakers_football_team_41f1.html
espn,"2006_Purdue_Boilermakers_football_team_41f1.html, 2007-08_Georgetown_Hoyas_men's_basketball_team_a8f4.html"
completed,2006_Purdue_Boilermakers_football_team_41f1.html
durrett,2006_Purdue_Boilermakers_football_team_41f1.html
blew,2006_Purdue_Boilermakers_football_team_41f1.html
lane,2006_Purdue_Boilermakers_football_team_41f1.html
var,2006_Purdue_Boilermakers_football_team_41f1.html
moving,2006_Purdue_Boilermakers_football_team_41f1.html
december,2007-08_Georgetown_Hoyas_men's_basketball_team_a8f4.html
passing,2006_Purdue_Boilermakers_football_team_41f1.html
rushing,2006_Purdue_Boilermakers_football_team_41f1.html
conversion,2006_Purdue_Boilermakers_football_team_41f1.html
villanova,2007-08_Georgetown_Hoyas_men's_basketball_team_a8f4.html
go,2006_Purdue_Boilermakers_football_team_41f1.html
fordham,2007-08_Georgetown_Hoyas_men's_basketball_team_a8f4.html
representing,2007-08_Georgetown_Hoyas_men's_basketball_team_a8f4.html
fairfield,2007-08_Georgetown_Hoyas_men's_basketball_team_a8f4.html
american,2007-08_Georgetown_Hoyas_men's_basketball_team_a8f4.html
is,"2006_Purdue_Boilermakers_football_team_41f1.html, 2007-08_Georgetown_Hoyas_men's_basketball_team_a8f4.html"
only,2006_Purdue_Boilermakers_football_team_41f1.html
zone,2006_Purdue_Boilermakers_football_team_41f1.html
all,"2006_Purdue_Boilermakers_football_team_41f1.html, 2007-08_Georgetown_Hoyas_men's_basketball_team_a8f4.html"
shillelagh,2006_Purdue_Boilermakers_football_team_41f1.html
penn,2006_Purdue_Boilermakers_football_team_41f1.html
mario,2006_Purdue_Boilermakers_football_team_41f1.html
bennett,2006_Purdue_Boilermakers_football_team_41f1.html
il,"2006_Purdue_Boilermakers_football_team_41f1.html, 2007-08_Georgetown_Hoyas_men's_basketball_team_a8f4.html"
shonn,2006_Purdue_Boilermakers_football_team_41f1.html
terrapins,2006_Purdue_Boilermakers_football_team_41f1.html
cliff,2006_Purdue_Boilermakers_football_team_41f1.html
andiron,2006_Purdue_Boilermakers_football_team_41f1.html
capped,2006_Purdue_Boilermakers_football_team_41f1.html
must,2006_Purdue_Boilermakers_football_team_41f1.html
sports,2006_Purdue_Boilermakers_football_team_41f1.html
university,2006_Purdue_Boilermakers_football_team_41f1.html
scoreboard,2006_Purdue_Boilermakers_football_team_41f1.html
grimes,2006_Purdue_Boilermakers_football_team_41f1.html
pittsburgh,2007-08_Georgetown_Hoyas_men's_basketball_team_a8f4.html
take,2006_Purdue_Boilermakers_football_team_41f1.html
events,"2006_Purdue_Boilermakers_football_team_41f1.html, 2007-08_Georgetown_Hoyas_men's_basketball_team_a8f4.html"
responded,2006_Purdue_Boilermakers_football_team_41f1.html
down,2006_Purdue_Boilermakers_football_team_41f1.html
brad,2006_Purdue_Boilermakers_football_team_41f1.html
lewis,2006_Purdue_Boilermakers_football_team_41f1.html
gap,2006_Purdue_Boilermakers_football_team_41f1.html
round,2006_Purdue_Boilermakers_football_team_41f1.html
roberson,2006_Purdue_Boilermakers_football_team_41f1.html
linemen,2006_Purdue_Boilermakers_football_team_41f1.html
contact,"2006_Purdue_Boilermakers_football_team_41f1.html, 2007-08_Georgetown_Hoyas_men's_basketball_team_a8f4.html"
previous,2006_Purdue_Boilermakers_football_team_41f1.html
last,"2006_Purdue_Boilermakers_football_team_41f1.html, 2007-08_Georgetown_Hoyas_men's_basketball_team_a8f4.html"
smith,2006_Purdue_Boilermakers_football_team_41f1.html
jonte,2006_Purdue_Boilermakers_football_team_41f1.html
trophy,2006_Purdue_Boilermakers_football_team_41f1.html
tate,2006_Purdue_Boilermakers_football_team_41f1.html
brennan,2006_Purdue_Boilermakers_football_team_41f1.html
parseghian,2006_Purdue_Boilermakers_football_team_41f1.html
hitting,2006_Purdue_Boilermakers_football_team_41f1.html
opponent,2006_Purdue_Boilermakers_football_team_41f1.html
finished,"2006_Purdue_Boilermakers_football_team_41f1.html, 2007-08_Georgetown_Hoyas_men's_basketball_team_a8f4.html"
fedexforum,2007-08_Georgetown_Hoyas_men's_basketball_team_a8f4.html
lindsey,2006_Purdue_Boilermakers_football_team_41f1.html
nittany,2006_Purdue_Boilermakers_football_team_41f1.html
snapped,2006_Purdue_Boilermakers_football_team_41f1.html
drafted,2006_Purdue_Boilermakers_football_team_41f1.html
paul,2006_Purdue_Boilermakers_football_team_41f1.html
point,2006_Purdue_Boilermakers_football_team_41f1.html
his,2006_Purdue_Boilermakers_football_team_41f1.html
syracuse,2007-08_Georgetown_Hoyas_men's_basketball_team_a8f4.html
terms,"2006_Purdue_Boilermakers_football_team_41f1.html, 2007-08_Georgetown_Hoyas_men's_basketball_team_a8f4.html"
york,2007-08_Georgetown_Hoyas_men's_basketball_team_a8f4.html
jason,2006_Purdue_Boilermakers_football_team_41f1.html
grass,2006_Purdue_Boilermakers_football_team_41f1.html
constant,2007-08_Georgetown_Hoyas_men's_basketball_team_a8f4.html
ed,2006_Purdue_Boilermakers_football_team_41f1.html
schedule,"2006_Purdue_Boilermakers_football_team_41f1.html, 2007-08_Georgetown_Hoyas_men's_basketball_team_a8f4.html"
extend,2006_Purdue_Boilermakers_football_team_41f1.html
tochidetext,2006_Purdue_Boilermakers_football_team_41f1.html
free,"2006_Purdue_Boilermakers_football_team_41f1.html, 2007-08_Georgetown_Hoyas_men's_basketball_team_a8f4.html"
bick,2006_Purdue_Boilermakers_football_team_41f1.html
an,"2006_Purdue_Boilermakers_football_team_41f1.html, 2007-08_Georgetown_Hoyas_men's_basketball_team_a8f4.html"
rankings,2007-08_Georgetown_Hoyas_men's_basketball_team_a8f4.html
if,"2006_Purdue_Boilermakers_football_team_41f1.html, 2007-08_Georgetown_Hoyas_men's_basketball_team_a8f4.html"
stanford,2006_Purdue_Boilermakers_football_team_41f1.html
kickoff,2006_Purdue_Boilermakers_football_team_41f1.html
time,"2006_Purdue_Boilermakers_football_team_41f1.html, 2007-08_Georgetown_Hoyas_men's_basketball_team_a8f4.html"
donate,"2006_Purdue_Boilermakers_football_team_41f1.html, 2007-08_Georgetown_Hoyas_men's_basketball_team_a8f4.html"
march,2007-08_Georgetown_Hoyas_men's_basketball_team_a8f4.html
mehlhaff,2006_Purdue_Boilermakers_football_team_41f1.html
freshman,2006_Purdue_Boilermakers_football_team_41f1.html
coached,2006_Purdue_Boilermakers_football_team_41f1.html
ball,"2006_Purdue_Boilermakers_football_team_41f1.html, 2007-08_Georgetown_Hoyas_men's_basketball_team_a8f4.html"
early,2006_Purdue_Boilermakers_football_team_41f1.html
otto,2006_Purdue_Boilermakers_football_team_41f1.html
receiving,2006_Purdue_Boilermakers_football_team_41f1.html
sam,2006_Purdue_Boilermakers_football_team_41f1.html
continue,2007-08_Georgetown_Hoyas_men's_basketball_team_a8f4.html
ia,2006_Purdue_Boilermakers_football_team_41f1.html
coliseum,2007-08_Georgetown_Hoyas_men's_basketball_team_a8f4.html
south,"2006_Purdue_Boilermakers_football_team_41f1.html, 2007-08_Georgetown_Hoyas_men's_basketball_team_a8f4.html"
scheme,2006_Purdue_Boilermakers_football_team_41f1.html
dan,2006_Purdue_Boilermakers_football_team_41f1.html
strike,2006_Purdue_Boilermakers_football_team_41f1.html
tocshowtext,2006_Purdue_Boilermakers_football_team_41f1.html
higbee,2006_Purdue_Boilermakers_football_team_41f1.html
defensive,2006_Purdue_Boilermakers_football_team_41f1.html
prior,2006_Purdue_Boilermakers_football_team_41f1.html
marshbot,2006_Purdue_Boilermakers_football_team_41f1.html
mary,2007-08_Georgetown_Hoyas_men's_basketball_team_a8f4.html
end,2006_Purdue_Boilermakers_football_team_41f1.html
thomas,2006_Purdue_Boilermakers_football_team_41f1.html
more,2006_Purdue_Boilermakers_football_team_41f1.html
jacksonville,"2006_Purdue_Boilermakers_football_team_41f1.html, 2007-08_Georgetown_Hoyas_men's_basketball_team_a8f4.html"
one,2006_Purdue_Boilermakers_football_team_41f1.html
dc,2007-08_Georgetown_Hoyas_men's_basketball_team_a8f4.html
reckman,2006_Purdue_Boilermakers_football_team_41f1.html
arena,2007-08_Georgetown_Hoyas_men's_basketball_team_a8f4.html
four,2006_Purdue_Boilermakers_football_team_41f1.html
byron,2006_Purdue_Boilermakers_football_team_41f1.html
fl,2006_Purdue_Boilermakers_football_team_41f1.html
then,2006_Purdue_Boilermakers_football_team_41f1.html
damian,2006_Purdue_Boilermakers_football_team_41f1.html
dunkin,2007-08_Georgetown_Hoyas_men's_basketball_team_a8f4.html
first,"2006_Purdue_Boilermakers_football_team_41f1.html, 2007-08_Georgetown_Hoyas_men's_basketball_team_a8f4.html"
throwback,2006_Purdue_Boilermakers_football_team_41f1.html
hawkeyes,2006_Purdue_Boilermakers_football_team_41f1.html
year,2006_Purdue_Boilermakers_football_team_41f1.html
when,2006_Purdue_Boilermakers_football_team_41f1.html
site,"2006_Purdue_Boilermakers_football_team_41f1.html, 2007-08_Georgetown_Hoyas_men's_basketball_team_a8f4.html"
kick,2006_Purdue_Boilermakers_football_team_41f1.html
sensation,2006_Purdue_Boilermakers_football_team_41f1.html
walker,2006_Purdue_Boilermakers_football_team_41f1.html
stadium,2006_Purdue_Boilermakers_football_team_41f1.html
swank,2006_Purdue_Boilermakers_football_team_41f1.html
efforts,2006_Purdue_Boilermakers_football_team_41f1.html
hedstrom,2006_Purdue_Boilermakers_football_team_41f1.html
vinson,2006_Purdue_Boilermakers_football_team_41f1.html
few,2006_Purdue_Boilermakers_football_team_41f1.html
steadily,2006_Purdue_Boilermakers_football_team_41f1.html
dome,2007-08_Georgetown_Hoyas_men's_basketball_team_a8f4.html
miller,2006_Purdue_Boilermakers_football_team_41f1.html
west,"2006_Purdue_Boilermakers_football_team_41f1.html, 2007-08_Georgetown_Hoyas_men's_basketball_team_a8f4.html"
defenses,2006_Purdue_Boilermakers_football_team_41f1.html
mattson,2006_Purdue_Boilermakers_football_team_41f1.html
could,2006_Purdue_Boilermakers_football_team_41f1.html
mcdonough,2007-08_Georgetown_Hoyas_men's_basketball_team_a8f4.html
al,"2006_Purdue_Boilermakers_football_team_41f1.html, 2007-08_Georgetown_Hoyas_men's_basketball_team_a8f4.html"
williams,2006_Purdue_Boilermakers_football_team_41f1.html
bermuda,2006_Purdue_Boilermakers_football_team_41f1.html
ap,2007-08_Georgetown_Hoyas_men's_basketball_team_a8f4.html
biletnikoff,2006_Purdue_Boilermakers_football_team_41f1.html
zwilling,2006_Purdue_Boilermakers_football_team_41f1.html
hollenbach,2006_Purdue_Boilermakers_football_team_41f1.html
coleman,2007-08_Georgetown_Hoyas_men's_basketball_team_a8f4.html
hit,2006_Purdue_Boilermakers_football_team_41f1.html
punt,2006_Purdue_Boilermakers_football_team_41f1.html
brandon,2006_Purdue_Boilermakers_football_team_41f1.html
retrieved,2007-08_Georgetown_Hoyas_men's_basketball_team_a8f4.html
reflect,2007-08_Georgetown_Hoyas_men's_basketball_team_a8f4.html
being,2006_Purdue_Boilermakers_football_team_41f1.html
closed,2006_Purdue_Boilermakers_football_team_41f1.html
coaches,"2006_Purdue_Boilermakers_football_team_41f1.html, 2007-08_Georgetown_Hoyas_men's_basketball_team_a8f4.html"
welcomed,2006_Purdue_Boilermakers_football_team_41f1.html
king,2006_Purdue_Boilermakers_football_team_41f1.html
lindsay,2006_Purdue_Boilermakers_football_team_41f1.html
traveled,2006_Purdue_Boilermakers_football_team_41f1.html
huber,2006_Purdue_Boilermakers_football_team_41f1.html
touchdown,2006_Purdue_Boilermakers_football_team_41f1.html
link,2007-08_Georgetown_Hoyas_men's_basketball_team_a8f4.html
neither,2006_Purdue_Boilermakers_football_team_41f1.html
were,2006_Purdue_Boilermakers_football_team_41f1.html
games,2006_Purdue_Boilermakers_football_team_41f1.html
after,2006_Purdue_Boilermakers_football_team_41f1.html
kept,2006_Purdue_Boilermakers_football_team_41f1.html
warriors,2006_Purdue_Boilermakers_football_team_41f1.html
bill,2006_Purdue_Boilermakers_football_team_41f1.html
kohtz,2006_Purdue_Boilermakers_football_team_41f1.html
february,2007-08_Georgetown_Hoyas_men's_basketball_team_a8f4.html
heading,2006_Purdue_Boilermakers_football_team_41f1.html
senior,2006_Purdue_Boilermakers_football_team_41f1.html
look,2007-08_Georgetown_Hoyas_men's_basketball_team_a8f4.html
preserve,2006_Purdue_Boilermakers_football_team_41f1.html
uses,2007-08_Georgetown_Hoyas_men's_basketball_team_a8f4.html
kicker,2006_Purdue_Boilermakers_football_team_41f1.html
yard,2006_Purdue_Boilermakers_football_team_41f1.html
connected,2006_Purdue_Boilermakers_football_team_41f1.html
registered,"2006_Purdue_Boilermakers_football_team_41f1.html, 2007-08_Georgetown_Hoyas_men's_basketball_team_a8f4.html"
january,2007-08_Georgetown_Hoyas_men's_basketball_team_a8f4.html
winning,2006_Purdue_Boilermakers_football_team_41f1.html
laid,2006_Purdue_Boilermakers_football_team_41f1.html
scott,2006_Purdue_Boilermakers_football_team_41f1.html
tribute,2006_Purdue_Boilermakers_football_team_41f1.html
named,2006_Purdue_Boilermakers_football_team_41f1.html
dubler,2006_Purdue_Boilermakers_football_team_41f1.html
george,2006_Purdue_Boilermakers_football_team_41f1.html
offense,2006_Purdue_Boilermakers_football_team_41f1.html
championship,2006_Purdue_Boilermakers_football_team_41f1.html
did,2006_Purdue_Boilermakers_football_team_41f1.html
